0	SAITO,COBB,ARTHUR
1	SAITO,COBB,ARTHUR
2	SAITO,COBB,ARTHUR
3	SAITO,COBB,ARTHUR
4	SAITO,COBB,ARTHUR
5	SAITO,COBB,ARTHUR
6	SAITO,COBB,ARTHUR
7	SAITO	COBB,ARTHUR	MAL
8	SAITO	COBB,ARTHUR	MAL
9	SAITO	COBB,ARTHUR	MAL
10	SAITO	COBB,ARTHUR	MAL
11	SAITO	COBB,ARTHUR	MAL
12	SAITO	COBB,ARTHUR	MAL
13	SAITO	COBB,ARTHUR	MAL
14	SAITO	COBB,MAL	ARTHUR
15	SAITO	COBB,MAL	ARTHUR
16	SAITO	COBB,MAL	ARTHUR
17	SAITO	COBB,MAL	ARTHUR
18	SAITO	COBB,MAL	ARTHUR
19	SAITO	COBB,MAL	ARTHUR
20	SAITO	COBB,MAL	ARTHUR
21	ARTHUR	SAITO,MAL	COBB
22	ARTHUR	SAITO,MAL	COBB
23	ARTHUR	SAITO,MAL	COBB
24	ARTHUR	SAITO,MAL	COBB
25	ARTHUR	SAITO,MAL	COBB
26	ARTHUR	SAITO,MAL	COBB
27	ARTHUR	SAITO,MAL	COBB
28	COBB	SAITO,ARTHUR,MAL
29	COBB	SAITO,ARTHUR,MAL
30	COBB	SAITO,ARTHUR,MAL
31	COBB	SAITO,ARTHUR,MAL
32	COBB	SAITO,ARTHUR,MAL
33	COBB	SAITO,ARTHUR,MAL
34	SAITO,COBB,ARTHUR,MAL
35	SAITO,COBB,ARTHUR,MAL
36	SAITO,COBB,ARTHUR,MAL
37	SAITO,COBB,ARTHUR,MAL
38	SAITO,COBB,ARTHUR,MAL
39	SAITO,COBB,ARTHUR,MAL
40	SAITO,COBB,ARTHUR,MAL
41	SAITO,COBB,MAL	ARTHUR,ARCH
42	SAITO,COBB,MAL	ARTHUR,ARCH
43	SAITO,COBB,MAL	ARTHUR,ARCH
44	SAITO,COBB,MAL	ARTHUR,ARCH
45	SAITO,COBB,MAL	ARTHUR,ARCH
46	SAITO,COBB,MAL	ARTHUR,ARCH
47	SAITO,COBB,MAL	ARTHUR,ARCH
48	ARTHUR,ARCH	SAITO,MAL	COBB
49	ARTHUR,ARCH	SAITO,MAL	COBB
50	ARTHUR,ARCH	SAITO,MAL	COBB
51	ARTHUR,ARCH	SAITO,MAL	COBB
52	ARTHUR,ARCH	SAITO,MAL	COBB
53	ARTHUR,ARCH	SAITO,MAL	COBB
54	ARTHUR,ARCH	SAITO,MAL	COBB
55	ARTHUR,ARCH	COBB	SAITO
56	ARTHUR,ARCH	COBB	SAITO
57	ARTHUR,ARCH	COBB	SAITO
58	ARTHUR,ARCH	COBB	SAITO
59	ARTHUR,ARCH	COBB	SAITO
60	ARTHUR,ARCH	COBB	SAITO
61	ARTHUR,ARCH	COBB	SAITO
62	SAITO,COBB,ARTHUR,ARCH
63	SAITO,COBB,ARTHUR,ARCH
64	SAITO,COBB,ARTHUR,ARCH
65	SAITO,COBB,ARTHUR,ARCH
66	SAITO,COBB,ARTHUR,ARCH
67	SAITO,COBB,ARTHUR,ARCH
68	SAITO,COBB,ARCH	ARTHUR
69	SAITO,COBB,ARCH	ARTHUR
70	SAITO,COBB,ARCH	ARTHUR
71	SAITO,COBB,ARCH	ARTHUR
72	SAITO,COBB,ARCH	ARTHUR
73	SAITO,COBB,ARCH	ARTHUR
74	SAITO,COBB,ARCH	ARTHUR
75	SAITO	COBB,ARTHUR,ARCH,ASIAN
76	SAITO	COBB,ARTHUR,ARCH,ASIAN
77	SAITO	COBB,ARTHUR,ARCH,ASIAN
78	SAITO	COBB,ARTHUR,ARCH,ASIAN
79	SAITO	COBB,ARTHUR,ARCH,ASIAN
80	SAITO	COBB,ARTHUR,ARCH,ASIAN
81	SAITO	COBB,ARTHUR,ARCH,ASIAN
82	SAITO,ARCH	COBB	ARTHUR,ASIAN
83	SAITO,ARCH	COBB	ARTHUR,ASIAN
84	SAITO,ARCH	COBB	ARTHUR,ASIAN
85	SAITO,ARCH	COBB	ARTHUR,ASIAN
86	SAITO,ARCH	COBB	ARTHUR,ASIAN
87	SAITO,ARCH	COBB	ARTHUR,ASIAN
88	SAITO,ARCH	COBB	ARTHUR,ASIAN
89	SAITO,ARCH	COBB,ARTHUR
90	SAITO,ARCH	COBB,ARTHUR
91	SAITO,ARCH	COBB,ARTHUR
92	SAITO,ARCH	COBB,ARTHUR
93	SAITO,ARCH	COBB,ARTHUR
94	SAITO,ARCH	COBB,ARTHUR
95	SAITO,ARCH	COBB,ARTHUR
96	SAITO,COBB,ARTHUR,ARCH
97	SAITO,COBB,ARTHUR,ARCH
98	SAITO,COBB,ARTHUR,ARCH
99	SAITO,COBB,ARTHUR,ARCH
100	SAITO,COBB,ARTHUR,ARCH
101	SAITO,COBB,ARTHUR,ARCH
102	SAITO,COBB,ARTHUR	ARCH
103	SAITO,COBB,ARTHUR	ARCH
104	SAITO,COBB,ARTHUR	ARCH
105	SAITO,COBB,ARTHUR	ARCH
106	SAITO,COBB,ARTHUR	ARCH
107	SAITO,COBB,ARTHUR	ARCH
108	SAITO,COBB,ARTHUR	ARCH
109	SAITO	COBB,ARTHUR
110	SAITO	COBB,ARTHUR
111	SAITO	COBB,ARTHUR
112	SAITO	COBB,ARTHUR
113	SAITO	COBB,ARTHUR
114	SAITO	COBB,ARTHUR
115	SAITO	COBB,ARTHUR
116	SAITO	COBB,ARTHUR	ARIADNE
117	SAITO	COBB,ARTHUR	ARIADNE
118	SAITO	COBB,ARTHUR	ARIADNE
119	SAITO	COBB,ARTHUR	ARIADNE
120	SAITO	COBB,ARTHUR	ARIADNE
121	SAITO	COBB,ARTHUR	ARIADNE
122	SAITO	COBB,ARTHUR	ARIADNE
123	SAITO	COBB,ARIADNE	ARTHUR
124	SAITO	COBB,ARIADNE	ARTHUR
125	SAITO	COBB,ARIADNE	ARTHUR
126	SAITO	COBB,ARIADNE	ARTHUR
127	SAITO	COBB,ARIADNE	ARTHUR
128	SAITO	COBB,ARIADNE	ARTHUR
129	SAITO	COBB,ARIADNE	ARTHUR
130	SAITO	COBB,ARTHUR,ARIADNE
131	SAITO	COBB,ARTHUR,ARIADNE
132	SAITO	COBB,ARTHUR,ARIADNE
133	SAITO	COBB,ARTHUR,ARIADNE
134	SAITO	COBB,ARTHUR,ARIADNE
135	SAITO	COBB,ARTHUR,ARIADNE
136	SAITO	COBB,ARIADNE	ARTHUR
137	SAITO	COBB,ARIADNE	ARTHUR
138	SAITO	COBB,ARIADNE	ARTHUR
139	SAITO	COBB,ARIADNE	ARTHUR
140	SAITO	COBB,ARIADNE	ARTHUR
141	SAITO	COBB,ARIADNE	ARTHUR
142	SAITO	COBB,ARIADNE	ARTHUR
143	SAITO	COBB,ARTHUR,ARIADNE
144	SAITO	COBB,ARTHUR,ARIADNE
145	SAITO	COBB,ARTHUR,ARIADNE
146	SAITO	COBB,ARTHUR,ARIADNE
147	SAITO	COBB,ARTHUR,ARIADNE
148	SAITO	COBB,ARTHUR,ARIADNE
149	SAITO	COBB,ARTHUR,ARIADNE
150	SAITO	COBB,ARIADNE	ARTHUR
151	SAITO	COBB,ARIADNE	ARTHUR
152	SAITO	COBB,ARIADNE	ARTHUR
153	SAITO	COBB,ARIADNE	ARTHUR
154	SAITO	COBB,ARIADNE	ARTHUR
155	SAITO	COBB,ARIADNE	ARTHUR
156	SAITO	COBB,ARIADNE	ARTHUR
157	SAITO	COBB,ARTHUR,ARIADNE
158	SAITO	COBB,ARTHUR,ARIADNE
159	SAITO	COBB,ARTHUR,ARIADNE
160	SAITO	COBB,ARTHUR,ARIADNE
161	SAITO	COBB,ARTHUR,ARIADNE
162	SAITO	COBB,ARTHUR,ARIADNE
163	SAITO	COBB,ARTHUR	ARIADNE	EAMES
164	SAITO	COBB,ARTHUR	ARIADNE	EAMES
165	SAITO	COBB,ARTHUR	ARIADNE	EAMES
166	SAITO	COBB,ARTHUR	ARIADNE	EAMES
167	SAITO	COBB,ARTHUR	ARIADNE	EAMES
168	SAITO	COBB,ARTHUR	ARIADNE	EAMES
169	SAITO	COBB,ARTHUR	ARIADNE	EAMES
170	SAITO	ARIADNE	EAMES	COBB	ARTHUR
171	SAITO	ARIADNE	EAMES	COBB	ARTHUR
172	SAITO	ARIADNE	EAMES	COBB	ARTHUR
173	SAITO	ARIADNE	EAMES	COBB	ARTHUR
174	SAITO	ARIADNE	EAMES	COBB	ARTHUR
175	SAITO	ARIADNE	EAMES	COBB	ARTHUR
176	SAITO	ARIADNE	EAMES	COBB	ARTHUR
177	SAITO	ARIADNE	ARTHUR	COBB,EAMES
178	SAITO	ARIADNE	ARTHUR	COBB,EAMES
179	SAITO	ARIADNE	ARTHUR	COBB,EAMES
180	SAITO	ARIADNE	ARTHUR	COBB,EAMES
181	SAITO	ARIADNE	ARTHUR	COBB,EAMES
182	SAITO	ARIADNE	ARTHUR	COBB,EAMES
183	SAITO	ARIADNE	ARTHUR	COBB,EAMES
184	SAITO	ARIADNE	ARTHUR	COBB	EAMES
185	SAITO	ARIADNE	ARTHUR	COBB	EAMES
186	SAITO	ARIADNE	ARTHUR	COBB	EAMES
187	SAITO	ARIADNE	ARTHUR	COBB	EAMES
188	SAITO	ARIADNE	ARTHUR	COBB	EAMES
189	SAITO	ARIADNE	ARTHUR	COBB	EAMES
190	SAITO	ARIADNE	ARTHUR	COBB	EAMES
191	ARIADNE	ARTHUR	EAMES	SAITO,COBB
192	ARIADNE	ARTHUR	EAMES	SAITO,COBB
193	ARIADNE	ARTHUR	EAMES	SAITO,COBB
194	ARIADNE	ARTHUR	EAMES	SAITO,COBB
195	ARIADNE	ARTHUR	EAMES	SAITO,COBB
196	ARIADNE	ARTHUR	EAMES	SAITO,COBB
197	EAMES	SAITO,COBB	ARTHUR,ARIADNE
198	EAMES	SAITO,COBB	ARTHUR,ARIADNE
199	EAMES	SAITO,COBB	ARTHUR,ARIADNE
200	EAMES	SAITO,COBB	ARTHUR,ARIADNE
201	EAMES	SAITO,COBB	ARTHUR,ARIADNE
202	EAMES	SAITO,COBB	ARTHUR,ARIADNE
203	EAMES	SAITO,COBB	ARTHUR,ARIADNE
204	ARTHUR,ARIADNE	SAITO,COBB,EAMES
205	ARTHUR,ARIADNE	SAITO,COBB,EAMES
206	ARTHUR,ARIADNE	SAITO,COBB,EAMES
207	ARTHUR,ARIADNE	SAITO,COBB,EAMES
208	ARTHUR,ARIADNE	SAITO,COBB,EAMES
209	ARTHUR,ARIADNE	SAITO,COBB,EAMES
210	ARTHUR,ARIADNE	SAITO,COBB,EAMES
211	ARTHUR,ARIADNE	SAITO,COBB,EAMES	YUSUF
212	ARTHUR,ARIADNE	SAITO,COBB,EAMES	YUSUF
213	ARTHUR,ARIADNE	SAITO,COBB,EAMES	YUSUF
214	ARTHUR,ARIADNE	SAITO,COBB,EAMES	YUSUF
215	ARTHUR,ARIADNE	SAITO,COBB,EAMES	YUSUF
216	ARTHUR,ARIADNE	SAITO,COBB,EAMES	YUSUF
217	ARTHUR,ARIADNE	SAITO,COBB,EAMES	YUSUF
218	ARTHUR,ARIADNE	SAITO,COBB,YUSUF,EAMES
219	ARTHUR,ARIADNE	SAITO,COBB,YUSUF,EAMES
220	ARTHUR,ARIADNE	SAITO,COBB,YUSUF,EAMES
221	ARTHUR,ARIADNE	SAITO,COBB,YUSUF,EAMES
222	ARTHUR,ARIADNE	SAITO,COBB,YUSUF,EAMES
223	ARTHUR,ARIADNE	SAITO,COBB,YUSUF,EAMES
224	ARTHUR,ARIADNE	SAITO,COBB,YUSUF,EAMES
225	ARTHUR,ARIADNE	SAITO,COBB,YUSUF,EAMES	FISCHER
226	ARTHUR,ARIADNE	SAITO,COBB,YUSUF,EAMES	FISCHER
227	ARTHUR,ARIADNE	SAITO,COBB,YUSUF,EAMES	FISCHER
228	ARTHUR,ARIADNE	SAITO,COBB,YUSUF,EAMES	FISCHER
229	ARTHUR,ARIADNE	SAITO,COBB,YUSUF,EAMES	FISCHER
230	ARTHUR,ARIADNE	SAITO,COBB,YUSUF,EAMES	FISCHER
231	FISCHER	SAITO,COBB,ARTHUR,YUSUF,EAMES	ARIADNE
232	FISCHER	SAITO,COBB,ARTHUR,YUSUF,EAMES	ARIADNE
233	FISCHER	SAITO,COBB,ARTHUR,YUSUF,EAMES	ARIADNE
234	FISCHER	SAITO,COBB,ARTHUR,YUSUF,EAMES	ARIADNE
235	FISCHER	SAITO,COBB,ARTHUR,YUSUF,EAMES	ARIADNE
236	FISCHER	SAITO,COBB,ARTHUR,YUSUF,EAMES	ARIADNE
237	FISCHER	SAITO,COBB,ARTHUR,YUSUF,EAMES	ARIADNE
238	FISCHER	SAITO,YUSUF,ARTHUR,EAMES	COBB,ARIADNE
239	FISCHER	SAITO,YUSUF,ARTHUR,EAMES	COBB,ARIADNE
240	FISCHER	SAITO,YUSUF,ARTHUR,EAMES	COBB,ARIADNE
241	FISCHER	SAITO,YUSUF,ARTHUR,EAMES	COBB,ARIADNE
242	FISCHER	SAITO,YUSUF,ARTHUR,EAMES	COBB,ARIADNE
243	FISCHER	SAITO,YUSUF,ARTHUR,EAMES	COBB,ARIADNE
244	FISCHER	SAITO,YUSUF,ARTHUR,EAMES	COBB,ARIADNE
245	FISCHER	SAITO,COBB,ARTHUR,ARIADNE,EAMES,YUSUF
246	FISCHER	SAITO,COBB,ARTHUR,ARIADNE,EAMES,YUSUF
247	FISCHER	SAITO,COBB,ARTHUR,ARIADNE,EAMES,YUSUF
248	FISCHER	SAITO,COBB,ARTHUR,ARIADNE,EAMES,YUSUF
249	FISCHER	SAITO,COBB,ARTHUR,ARIADNE,EAMES,YUSUF
250	FISCHER	SAITO,COBB,ARTHUR,ARIADNE,EAMES,YUSUF
251	FISCHER	SAITO,COBB,ARTHUR,ARIADNE,EAMES,YUSUF
252	FISCHER	SAITO,YUSUF,ARTHUR,EAMES	COBB,ARIADNE
253	FISCHER	SAITO,YUSUF,ARTHUR,EAMES	COBB,ARIADNE
254	FISCHER	SAITO,YUSUF,ARTHUR,EAMES	COBB,ARIADNE
255	FISCHER	SAITO,YUSUF,ARTHUR,EAMES	COBB,ARIADNE
256	FISCHER	SAITO,YUSUF,ARTHUR,EAMES	COBB,ARIADNE
257	FISCHER	SAITO,YUSUF,ARTHUR,EAMES	COBB,ARIADNE
258	FISCHER	SAITO,YUSUF,ARTHUR,EAMES	COBB,ARIADNE
259	FISCHER	SAITO,YUSUF,ARTHUR,EAMES	COBB	MAL,ARIADNE
260	FISCHER	SAITO,YUSUF,ARTHUR,EAMES	COBB	MAL,ARIADNE
261	FISCHER	SAITO,YUSUF,ARTHUR,EAMES	COBB	MAL,ARIADNE
262	FISCHER	SAITO,YUSUF,ARTHUR,EAMES	COBB	MAL,ARIADNE
263	FISCHER	SAITO,YUSUF,ARTHUR,EAMES	COBB	MAL,ARIADNE
264	FISCHER	SAITO,YUSUF,ARTHUR,EAMES	COBB	MAL,ARIADNE
265	FISCHER	SAITO,YUSUF,ARTHUR,EAMES	COBB,MAL,ARIADNE
266	FISCHER	SAITO,YUSUF,ARTHUR,EAMES	COBB,MAL,ARIADNE
267	FISCHER	SAITO,YUSUF,ARTHUR,EAMES	COBB,MAL,ARIADNE
268	FISCHER	SAITO,YUSUF,ARTHUR,EAMES	COBB,MAL,ARIADNE
269	FISCHER	SAITO,YUSUF,ARTHUR,EAMES	COBB,MAL,ARIADNE
270	FISCHER	SAITO,YUSUF,ARTHUR,EAMES	COBB,MAL,ARIADNE
271	FISCHER	SAITO,YUSUF,ARTHUR,EAMES	COBB,MAL,ARIADNE
272	FISCHER	SAITO,YUSUF,ARTHUR,EAMES	COBB,ARIADNE
273	FISCHER	SAITO,YUSUF,ARTHUR,EAMES	COBB,ARIADNE
274	FISCHER	SAITO,YUSUF,ARTHUR,EAMES	COBB,ARIADNE
275	FISCHER	SAITO,YUSUF,ARTHUR,EAMES	COBB,ARIADNE
276	FISCHER	SAITO,YUSUF,ARTHUR,EAMES	COBB,ARIADNE
277	FISCHER	SAITO,YUSUF,ARTHUR,EAMES	COBB,ARIADNE
278	FISCHER	SAITO,YUSUF,ARTHUR,EAMES	COBB,ARIADNE
279	FISCHER	SAITO,COBB,ARTHUR,ARIADNE	YUSUF,EAMES
280	FISCHER	SAITO,COBB,ARTHUR,ARIADNE	YUSUF,EAMES
281	FISCHER	SAITO,COBB,ARTHUR,ARIADNE	YUSUF,EAMES
282	FISCHER	SAITO,COBB,ARTHUR,ARIADNE	YUSUF,EAMES
283	FISCHER	SAITO,COBB,ARTHUR,ARIADNE	YUSUF,EAMES
284	FISCHER	SAITO,COBB,ARTHUR,ARIADNE	YUSUF,EAMES
285	FISCHER	SAITO,COBB,ARTHUR,ARIADNE	YUSUF,EAMES
286	FISCHER	SAITO,COBB,ARTHUR,ARIADNE,EAMES,YUSUF
287	FISCHER	SAITO,COBB,ARTHUR,ARIADNE,EAMES,YUSUF
288	FISCHER	SAITO,COBB,ARTHUR,ARIADNE,EAMES,YUSUF
289	FISCHER	SAITO,COBB,ARTHUR,ARIADNE,EAMES,YUSUF
290	FISCHER	SAITO,COBB,ARTHUR,ARIADNE,EAMES,YUSUF
291	FISCHER	SAITO,COBB,ARTHUR,ARIADNE,EAMES,YUSUF
292	FISCHER	SAITO,COBB,ARTHUR,ARIADNE,EAMES,YUSUF
293	SAITO,COBB,ARTHUR,ARIADNE,EAMES,YUSUF,FISCHER
294	SAITO,COBB,ARTHUR,ARIADNE,EAMES,YUSUF,FISCHER
295	SAITO,COBB,ARTHUR,ARIADNE,EAMES,YUSUF,FISCHER
296	SAITO,COBB,ARTHUR,ARIADNE,EAMES,YUSUF,FISCHER
297	SAITO,COBB,ARTHUR,ARIADNE,EAMES,YUSUF,FISCHER
298	SAITO,COBB,ARTHUR,ARIADNE,EAMES,YUSUF,FISCHER
299	SAITO,COBB,ARTHUR,ARIADNE,EAMES,YUSUF	FISCHER
300	SAITO,COBB,ARTHUR,ARIADNE,EAMES,YUSUF	FISCHER
301	SAITO,COBB,ARTHUR,ARIADNE,EAMES,YUSUF	FISCHER
302	SAITO,COBB,ARTHUR,ARIADNE,EAMES,YUSUF	FISCHER
303	SAITO,COBB,ARTHUR,ARIADNE,EAMES,YUSUF	FISCHER
304	SAITO,COBB,ARTHUR,ARIADNE,EAMES,YUSUF	FISCHER
305	SAITO,COBB,ARTHUR,ARIADNE,EAMES,YUSUF	FISCHER
306	SAITO,FISCHER,ARTHUR,EAMES	YUSUF,COBB,ARIADNE
307	SAITO,FISCHER,ARTHUR,EAMES	YUSUF,COBB,ARIADNE
308	SAITO,FISCHER,ARTHUR,EAMES	YUSUF,COBB,ARIADNE
309	SAITO,FISCHER,ARTHUR,EAMES	YUSUF,COBB,ARIADNE
310	SAITO,FISCHER,ARTHUR,EAMES	YUSUF,COBB,ARIADNE
311	SAITO,FISCHER,ARTHUR,EAMES	YUSUF,COBB,ARIADNE
312	SAITO,FISCHER,ARTHUR,EAMES	YUSUF,COBB,ARIADNE
313	SAITO,COBB,ARTHUR,ARIADNE,EAMES,YUSUF,FISCHER
314	SAITO,COBB,ARTHUR,ARIADNE,EAMES,YUSUF,FISCHER
315	SAITO,COBB,ARTHUR,ARIADNE,EAMES,YUSUF,FISCHER
316	SAITO,COBB,ARTHUR,ARIADNE,EAMES,YUSUF,FISCHER
317	SAITO,COBB,ARTHUR,ARIADNE,EAMES,YUSUF,FISCHER
318	SAITO,COBB,ARTHUR,ARIADNE,EAMES,YUSUF,FISCHER
319	SAITO,COBB,ARTHUR,ARIADNE,EAMES,YUSUF,FISCHER
320	SAITO,COBB,ARTHUR,ARIADNE,YUSUF	FISCHER,EAMES
321	SAITO,COBB,ARTHUR,ARIADNE,YUSUF	FISCHER,EAMES
322	SAITO,COBB,ARTHUR,ARIADNE,YUSUF	FISCHER,EAMES
323	SAITO,COBB,ARTHUR,ARIADNE,YUSUF	FISCHER,EAMES
324	SAITO,COBB,ARTHUR,ARIADNE,YUSUF	FISCHER,EAMES
325	SAITO,COBB,ARTHUR,ARIADNE,YUSUF	FISCHER,EAMES
326	FISCHER,EAMES	SAITO,YUSUF,ARTHUR	COBB,ARIADNE
327	FISCHER,EAMES	SAITO,YUSUF,ARTHUR	COBB,ARIADNE
328	FISCHER,EAMES	SAITO,YUSUF,ARTHUR	COBB,ARIADNE
329	FISCHER,EAMES	SAITO,YUSUF,ARTHUR	COBB,ARIADNE
330	FISCHER,EAMES	SAITO,YUSUF,ARTHUR	COBB,ARIADNE
331	FISCHER,EAMES	SAITO,YUSUF,ARTHUR	COBB,ARIADNE
332	FISCHER,EAMES	SAITO,YUSUF,ARTHUR	COBB,ARIADNE
333	SAITO,COBB,ARTHUR,ARIADNE,EAMES,YUSUF,FISCHER
334	SAITO,COBB,ARTHUR,ARIADNE,EAMES,YUSUF,FISCHER
335	SAITO,COBB,ARTHUR,ARIADNE,EAMES,YUSUF,FISCHER
336	SAITO,COBB,ARTHUR,ARIADNE,EAMES,YUSUF,FISCHER
337	SAITO,COBB,ARTHUR,ARIADNE,EAMES,YUSUF,FISCHER
338	SAITO,COBB,ARTHUR,ARIADNE,EAMES,YUSUF,FISCHER
339	SAITO,COBB,ARTHUR,ARIADNE,EAMES,YUSUF,FISCHER
340	SAITO	COBB,FISCHER,EAMES	ARTHUR,ARIADNE	YUSUF
341	SAITO	COBB,FISCHER,EAMES	ARTHUR,ARIADNE	YUSUF
342	SAITO	COBB,FISCHER,EAMES	ARTHUR,ARIADNE	YUSUF
343	SAITO	COBB,FISCHER,EAMES	ARTHUR,ARIADNE	YUSUF
344	SAITO	COBB,FISCHER,EAMES	ARTHUR,ARIADNE	YUSUF
345	SAITO	COBB,FISCHER,EAMES	ARTHUR,ARIADNE	YUSUF
346	SAITO	COBB,FISCHER,EAMES	ARTHUR,ARIADNE	YUSUF
347	ARTHUR,ARIADNE	YUSUF	SAITO,EAMES	COBB,FISCHER
348	ARTHUR,ARIADNE	YUSUF	SAITO,EAMES	COBB,FISCHER
349	ARTHUR,ARIADNE	YUSUF	SAITO,EAMES	COBB,FISCHER
350	ARTHUR,ARIADNE	YUSUF	SAITO,EAMES	COBB,FISCHER
351	ARTHUR,ARIADNE	YUSUF	SAITO,EAMES	COBB,FISCHER
352	ARTHUR,ARIADNE	YUSUF	SAITO,EAMES	COBB,FISCHER
353	ARTHUR,ARIADNE	YUSUF	SAITO,EAMES	COBB,FISCHER
354	YUSUF	SAITO,EAMES	COBB,ARTHUR,ARIADNE,FISCHER
355	YUSUF	SAITO,EAMES	COBB,ARTHUR,ARIADNE,FISCHER
356	YUSUF	SAITO,EAMES	COBB,ARTHUR,ARIADNE,FISCHER
357	YUSUF	SAITO,EAMES	COBB,ARTHUR,ARIADNE,FISCHER
358	YUSUF	SAITO,EAMES	COBB,ARTHUR,ARIADNE,FISCHER
359	YUSUF	SAITO,EAMES	COBB,ARTHUR,ARIADNE,FISCHER
360	YUSUF	SAITO,COBB,ARTHUR,ARIADNE,EAMES,FISCHER
361	YUSUF	SAITO,COBB,ARTHUR,ARIADNE,EAMES,FISCHER
362	YUSUF	SAITO,COBB,ARTHUR,ARIADNE,EAMES,FISCHER
363	YUSUF	SAITO,COBB,ARTHUR,ARIADNE,EAMES,FISCHER
364	YUSUF	SAITO,COBB,ARTHUR,ARIADNE,EAMES,FISCHER
365	YUSUF	SAITO,COBB,ARTHUR,ARIADNE,EAMES,FISCHER
366	YUSUF	SAITO,COBB,ARTHUR,ARIADNE,EAMES,FISCHER
367	YUSUF	SAITO,COBB,FISCHER,ARIADNE,EAMES	ARTHUR
368	YUSUF	SAITO,COBB,FISCHER,ARIADNE,EAMES	ARTHUR
369	YUSUF	SAITO,COBB,FISCHER,ARIADNE,EAMES	ARTHUR
370	YUSUF	SAITO,COBB,FISCHER,ARIADNE,EAMES	ARTHUR
371	YUSUF	SAITO,COBB,FISCHER,ARIADNE,EAMES	ARTHUR
372	YUSUF	SAITO,COBB,FISCHER,ARIADNE,EAMES	ARTHUR
373	YUSUF	SAITO,COBB,FISCHER,ARIADNE,EAMES	ARTHUR
374	YUSUF	ARTHUR	SAITO,FISCHER,EAMES	COBB,ARIADNE
375	YUSUF	ARTHUR	SAITO,FISCHER,EAMES	COBB,ARIADNE
376	YUSUF	ARTHUR	SAITO,FISCHER,EAMES	COBB,ARIADNE
377	YUSUF	ARTHUR	SAITO,FISCHER,EAMES	COBB,ARIADNE
378	YUSUF	ARTHUR	SAITO,FISCHER,EAMES	COBB,ARIADNE
379	YUSUF	ARTHUR	SAITO,FISCHER,EAMES	COBB,ARIADNE
380	YUSUF	ARTHUR	SAITO,FISCHER,EAMES	COBB,ARIADNE
381	YUSUF	ARTHUR	COBB,ARIADNE	SAITO,FISCHER	EAMES
382	YUSUF	ARTHUR	COBB,ARIADNE	SAITO,FISCHER	EAMES
383	YUSUF	ARTHUR	COBB,ARIADNE	SAITO,FISCHER	EAMES
384	YUSUF	ARTHUR	COBB,ARIADNE	SAITO,FISCHER	EAMES
385	YUSUF	ARTHUR	COBB,ARIADNE	SAITO,FISCHER	EAMES
386	YUSUF	ARTHUR	COBB,ARIADNE	SAITO,FISCHER	EAMES
387	YUSUF	ARTHUR	COBB,ARIADNE	SAITO,FISCHER	EAMES
388	YUSUF	ARTHUR	COBB,ARIADNE	SAITO,FISCHER	EAMES
389	YUSUF	ARTHUR	COBB,ARIADNE	SAITO,FISCHER	EAMES
390	YUSUF	ARTHUR	COBB,ARIADNE	SAITO,FISCHER	EAMES
391	YUSUF	ARTHUR	COBB,ARIADNE	SAITO,FISCHER	EAMES
392	YUSUF	ARTHUR	COBB,ARIADNE	SAITO,FISCHER	EAMES
393	YUSUF	ARTHUR	COBB,ARIADNE	SAITO,FISCHER	EAMES
394	YUSUF	ARTHUR	COBB,ARIADNE	EAMES	SAITO,FISCHER,MAL
395	YUSUF	ARTHUR	COBB,ARIADNE	EAMES	SAITO,FISCHER,MAL
396	YUSUF	ARTHUR	COBB,ARIADNE	EAMES	SAITO,FISCHER,MAL
397	YUSUF	ARTHUR	COBB,ARIADNE	EAMES	SAITO,FISCHER,MAL
398	YUSUF	ARTHUR	COBB,ARIADNE	EAMES	SAITO,FISCHER,MAL
399	YUSUF	ARTHUR	COBB,ARIADNE	EAMES	SAITO,FISCHER,MAL
400	YUSUF	ARTHUR	COBB,ARIADNE	EAMES	SAITO,FISCHER,MAL
401	YUSUF	ARTHUR	EAMES	SAITO,COBB,ARIADNE,FISCHER
402	YUSUF	ARTHUR	EAMES	SAITO,COBB,ARIADNE,FISCHER
403	YUSUF	ARTHUR	EAMES	SAITO,COBB,ARIADNE,FISCHER
404	YUSUF	ARTHUR	EAMES	SAITO,COBB,ARIADNE,FISCHER
405	YUSUF	ARTHUR	EAMES	SAITO,COBB,ARIADNE,FISCHER
406	YUSUF	ARTHUR	EAMES	SAITO,COBB,ARIADNE,FISCHER
407	YUSUF	ARTHUR	EAMES	SAITO,COBB,ARIADNE,FISCHER
408	YUSUF	ARTHUR	SAITO,COBB,FISCHER,ARIADNE,EAMES
409	YUSUF	ARTHUR	SAITO,COBB,FISCHER,ARIADNE,EAMES
410	YUSUF	ARTHUR	SAITO,COBB,FISCHER,ARIADNE,EAMES
411	YUSUF	ARTHUR	SAITO,COBB,FISCHER,ARIADNE,EAMES
412	YUSUF	ARTHUR	SAITO,COBB,FISCHER,ARIADNE,EAMES
413	YUSUF	ARTHUR	SAITO,COBB,FISCHER,ARIADNE,EAMES
414	YUSUF	ARTHUR	SAITO,COBB,FISCHER,ARIADNE,EAMES
415	YUSUF	ARTHUR	SAITO,EAMES	COBB,ARIADNE	FISCHER
416	YUSUF	ARTHUR	SAITO,EAMES	COBB,ARIADNE	FISCHER
417	YUSUF	ARTHUR	SAITO,EAMES	COBB,ARIADNE	FISCHER
418	YUSUF	ARTHUR	SAITO,EAMES	COBB,ARIADNE	FISCHER
419	YUSUF	ARTHUR	SAITO,EAMES	COBB,ARIADNE	FISCHER
420	YUSUF	ARTHUR	SAITO,EAMES	COBB,ARIADNE	FISCHER
421	YUSUF	ARTHUR	SAITO,EAMES	COBB,ARIADNE	FISCHER
422	YUSUF	ARTHUR	SAITO,EAMES	FISCHER	COBB,MAL,ARIADNE
423	YUSUF	ARTHUR	SAITO,EAMES	FISCHER	COBB,MAL,ARIADNE
424	YUSUF	ARTHUR	SAITO,EAMES	FISCHER	COBB,MAL,ARIADNE
425	YUSUF	ARTHUR	SAITO,EAMES	FISCHER	COBB,MAL,ARIADNE
426	YUSUF	ARTHUR	SAITO,EAMES	FISCHER	COBB,MAL,ARIADNE
427	YUSUF	ARTHUR	SAITO,EAMES	FISCHER	COBB,MAL,ARIADNE
428	YUSUF	ARTHUR	SAITO,EAMES	COBB,MAL,ARIADNE,FISCHER
429	YUSUF	ARTHUR	SAITO,EAMES	COBB,MAL,ARIADNE,FISCHER
430	YUSUF	ARTHUR	SAITO,EAMES	COBB,MAL,ARIADNE,FISCHER
431	YUSUF	ARTHUR	SAITO,EAMES	COBB,MAL,ARIADNE,FISCHER
432	YUSUF	ARTHUR	SAITO,EAMES	COBB,MAL,ARIADNE,FISCHER
433	YUSUF	ARTHUR	SAITO,EAMES	COBB,MAL,ARIADNE,FISCHER
434	YUSUF	ARTHUR	SAITO,EAMES	COBB,MAL,ARIADNE,FISCHER
435	YUSUF	ARTHUR	COBB,MAL,ARIADNE,FISCHER	SAITO	EAMES
436	YUSUF	ARTHUR	COBB,MAL,ARIADNE,FISCHER	SAITO	EAMES
437	YUSUF	ARTHUR	COBB,MAL,ARIADNE,FISCHER	SAITO	EAMES
438	YUSUF	ARTHUR	COBB,MAL,ARIADNE,FISCHER	SAITO	EAMES
439	YUSUF	ARTHUR	COBB,MAL,ARIADNE,FISCHER	SAITO	EAMES
440	YUSUF	ARTHUR	COBB,MAL,ARIADNE,FISCHER	SAITO	EAMES
441	YUSUF	ARTHUR	COBB,MAL,ARIADNE,FISCHER	SAITO	EAMES
442	YUSUF	ARTHUR	SAITO	COBB,MAL,ARIADNE	FISCHER,EAMES
443	YUSUF	ARTHUR	SAITO	COBB,MAL,ARIADNE	FISCHER,EAMES
444	YUSUF	ARTHUR	SAITO	COBB,MAL,ARIADNE	FISCHER,EAMES
445	YUSUF	ARTHUR	SAITO	COBB,MAL,ARIADNE	FISCHER,EAMES
446	YUSUF	ARTHUR	SAITO	COBB,MAL,ARIADNE	FISCHER,EAMES
447	YUSUF	ARTHUR	SAITO	COBB,MAL,ARIADNE	FISCHER,EAMES
448	YUSUF	ARTHUR	SAITO	COBB,MAL,ARIADNE	FISCHER,EAMES
449	YUSUF	ARTHUR	SAITO	COBB,MAL	FISCHER,ARIADNE,EAMES
450	YUSUF	ARTHUR	SAITO	COBB,MAL	FISCHER,ARIADNE,EAMES
451	YUSUF	ARTHUR	SAITO	COBB,MAL	FISCHER,ARIADNE,EAMES
452	YUSUF	ARTHUR	SAITO	COBB,MAL	FISCHER,ARIADNE,EAMES
453	YUSUF	ARTHUR	SAITO	COBB,MAL	FISCHER,ARIADNE,EAMES
454	YUSUF	ARTHUR	SAITO	COBB,MAL	FISCHER,ARIADNE,EAMES
455	YUSUF	ARTHUR	SAITO	COBB,MAL	FISCHER,ARIADNE,EAMES
456	YUSUF	SAITO	COBB,MAL	FISCHER,ARTHUR,ARIADNE,EAMES
457	YUSUF	SAITO	COBB,MAL	FISCHER,ARTHUR,ARIADNE,EAMES
458	YUSUF	SAITO	COBB,MAL	FISCHER,ARTHUR,ARIADNE,EAMES
459	YUSUF	SAITO	COBB,MAL	FISCHER,ARTHUR,ARIADNE,EAMES
460	YUSUF	SAITO	COBB,MAL	FISCHER,ARTHUR,ARIADNE,EAMES
461	YUSUF	SAITO	COBB,MAL	FISCHER,ARTHUR,ARIADNE,EAMES
462	SAITO	COBB,MAL	YUSUF,FISCHER,ARTHUR,ARIADNE,EAMES
463	SAITO	COBB,MAL	YUSUF,FISCHER,ARTHUR,ARIADNE,EAMES
464	SAITO	COBB,MAL	YUSUF,FISCHER,ARTHUR,ARIADNE,EAMES
465	SAITO	COBB,MAL	YUSUF,FISCHER,ARTHUR,ARIADNE,EAMES
466	SAITO	COBB,MAL	YUSUF,FISCHER,ARTHUR,ARIADNE,EAMES
467	SAITO	COBB,MAL	YUSUF,FISCHER,ARTHUR,ARIADNE,EAMES
468	SAITO	COBB,MAL	YUSUF,FISCHER,ARTHUR,ARIADNE,EAMES
469	SAITO	COBB	YUSUF,ARTHUR,ARIADNE	FISCHER,EAMES
470	SAITO	COBB	YUSUF,ARTHUR,ARIADNE	FISCHER,EAMES
471	SAITO	COBB	YUSUF,ARTHUR,ARIADNE	FISCHER,EAMES
472	SAITO	COBB	YUSUF,ARTHUR,ARIADNE	FISCHER,EAMES
473	SAITO	COBB	YUSUF,ARTHUR,ARIADNE	FISCHER,EAMES
474	SAITO	COBB	YUSUF,ARTHUR,ARIADNE	FISCHER,EAMES
475	SAITO	COBB	YUSUF,ARTHUR,ARIADNE	FISCHER,EAMES
476	FISCHER,EAMES	SAITO,COBB	ARTHUR,ARIADNE	YUSUF
477	FISCHER,EAMES	SAITO,COBB	ARTHUR,ARIADNE	YUSUF
478	FISCHER,EAMES	SAITO,COBB	ARTHUR,ARIADNE	YUSUF
479	FISCHER,EAMES	SAITO,COBB	ARTHUR,ARIADNE	YUSUF
480	FISCHER,EAMES	SAITO,COBB	ARTHUR,ARIADNE	YUSUF
481	FISCHER,EAMES	SAITO,COBB	ARTHUR,ARIADNE	YUSUF
482	FISCHER,EAMES	SAITO,COBB	ARTHUR,ARIADNE	YUSUF
483	SAITO,COBB,ARTHUR,ARIADNE,EAMES,YUSUF	FISCHER
484	SAITO,COBB,ARTHUR,ARIADNE,EAMES,YUSUF	FISCHER
485	SAITO,COBB,ARTHUR,ARIADNE,EAMES,YUSUF	FISCHER
486	SAITO,COBB,ARTHUR,ARIADNE,EAMES,YUSUF	FISCHER
487	SAITO,COBB,ARTHUR,ARIADNE,EAMES,YUSUF	FISCHER
488	SAITO,COBB,ARTHUR,ARIADNE,EAMES,YUSUF	FISCHER
489	SAITO,COBB,ARTHUR,ARIADNE,EAMES,YUSUF	FISCHER